{
    "[cmdaction]/list": "[\"1+1\",\"1+1=2\"]",
    "APPactivityPhoneNum": "18666668888",
    "[note]autosave": "true",
    "vConsole_switch_y": "0",
    "[TongueExercises]/volume": "0.4",
    "[TongueExercises]/password": "cen1234",
    "[TongueExercises]/remember": "true",
    "[TongueExercises]/username": "18926221150",
    "vConsole_switch_x": "0",
    "loglevel:webpack-dev-server": "INFO",
    "[note]open": "A   c   c   o   u   n   t   A   c   c   o   u   n   t   A   c   c   o   u   n   t   A   c   c   o   u   n   t   A   c   c   o   u   n   t       个   人   信   息     A c c o u n t   个 人 信 息   个人信息 "
}