{
	"msg": "查询成功",
	"code": 1000,
	"data": {
		"pageNo": 1,
		"pageSize": 10,
		"rows": [{
			"data_rksj_update": 1568455263000,
			"summary": "这虫子喜欢爬“姜子树”记得吗?蟋 蟀熟悉的山间小路儿时的盼头,又怕又爱看,方言:”炸泡“.一种叫添加剂叫”糖精“,父母经...",
			"src_url": "http://weixin.sogou.com/api/share?timestamp=1567073112&signature=qIbwY*nI6KU9tBso4VCd8lYSesxOYgLcHX5tlbqlMR-uOq5t6owLz4V40d1kRkT71ALUFzqlp8UNqkhj6*Al-WJY*NLic642g27ZFYsOS39bAYPx7oonrGrnP*SDfXFtpQ*YhV888IiLYeG-jp4JRuFvjwdKX*942bttB4Wnb2gn6pHKX7M5oReLBaawTAi9JsAaxTz*rrmK0dySRg*XwMzSlicBXluIGjoquZHyu1IuRL1*BqR9rVX66v-*kYGVOfr3BcoW5rg41V*T-vAu4kSu7jglgI7VTXiPDuIv1Vj63mImef3u5vrApXGxP09E5hm2NG8MweER65c4eY-OaGE6YEulz4*qsGmseWRfNMs=",
			"thumbnail": "thumbnail.jpg",
			"cata_one": "2",
			"pub_time": "2013-10-12",
			"id": "cjCIyad4",
			"tag": null,
			"title": "太有感触了!农村长大的70,80后,你还记得吗?赶紧转一份做纪念,老了就看不到了!",
			"src_name": "新余发布",
			"authors": null,
			"data_rksj_create": 1568469537000
		}, {
			"data_rksj_update": 1568455263000,
			"summary": "我叫孙邈. 今年24岁,正向老处男的行列进发,在天津市开了家药铺,是那种纯卖药的铺子,不负责看病. 事实上我大学虽然是医科...",
			"src_url": "http://weixin.sogou.com/api/share?timestamp=1567090659&signature=qIbwY*nI6KU9tBso4VCd8lYSesxOYgLcHX5tlbqlMR-uOq5t6owLz4V40d1kRkT71ALUFzqlp8UNqkhj6*Al-fcKj3CyCM7XYdkG4UtLO47t*TqlnMfPgG1fa8-IzgswFJ9CjN6h*bDdDm*a38js*VKG2A36Pu4pLdz-tE4*fQ*yESLcqRk6olMnH2kqVXHcU0hzzwQltNuCAS2mygTX*7I28DoWVsPYR-Qf*WnNLc7r1Y9xVM7NPP1NV4sOznC26mM2NxBnRLd8tsFHbjjR9m7OJBPAa7RUUK4WUJ6F05UGlp7*nU*D9nliBdBlsSN1GaAJ*OXchDBBvvQxw3SGbdFPe3PcWg68Ix3-EHhGrTY=",
			"thumbnail": "thumbnail.jpg",
			"cata_one": "2",
			"pub_time": "2013-10-31",
			"id": "vK2EQh6e",
			"tag": null,
			"title": "万圣节讲鬼故事!屌丝医生那些经历的灵异事件",
			"src_name": "百度贴吧",
			"authors": "李毅吧",
			"data_rksj_create": 1568469537000
		}, {
			"data_rksj_update": 1568455263000,
			"summary": "女性的工作往往集中在文职类和服务业等,而对交通运输业、建筑业、采矿业等行业则甚少涉足.但这样的职业性别隔离,并非取决于...",
			"src_url": "http://weixin.sogou.com/api/share?timestamp=1567088682&signature=qIbwY*nI6KU9tBso4VCd8lYSesxOYgLcHX5tlbqlMR-uOq5t6owLz4V40d1kRkT71ALUFzqlp8UNqkhj6*Al-dapgA-qU8opt*kpzKU39MiAEfbxh*R2e2YYd6Ft-be5zIxMCJ2KvlWS5Rg9oAGOSuPVgiFgnYv-BH5GK1tD6GC-BFUzyn4DDUimZeroz0lhG0CYrqBzJfbum-YHSUxL84nsQnwfd-9jlD5btrt3qJeJOW22TuARvborN8KNgEX3B2SKAwEDiRH99LltNHPD*p4S2CMVwZSpFaULtLpNAv5BzBX62fIsTeD-0Nk34uxzWFkUdK55odzg-R6bg6glXZE0Wlsd3stqnD7gwkEWzMo=",
			"thumbnail": "thumbnail.jpg",
			"cata_one": "1",
			"pub_time": "2013-12-02",
			"id": "bfStOFhv",
			"tag": null,
			"title": "董小姐的一生",
			"src_name": "天涯社区",
			"authors": null,
			"data_rksj_create": 1568469537000
		}, {
			"data_rksj_update": 1568455263000,
			"summary": "1、怎样又快又好地削土豆皮?回答:把土豆立起来,垂直切下去四刀,再放平土豆,把两头各加一刀.这样,你就得到了一个长方体...",
			"src_url": "http://weixin.sogou.com/api/share?timestamp=1567090659&signature=qIbwY*nI6KU9tBso4VCd8lYSesxOYgLcHX5tlbqlMR-uOq5t6owLz4V40d1kRkT71ALUFzqlp8UNqkhj6*Al-fcKj3CyCM7XYdkG4UtLO47t*TqlnMfPgG1fa8-IzgswbyYTyweKRV2YOyWXwUGSDjT8h-1WIm39BLzpWMU3s3qYwYKfDDhb4QzzqN*p*9rm2*R9zeswbNH39yGR91AdNrqnoN-tZV5*S*S4qY4JkvqaMtg0e*FeYonLafg6y7Cr2A7s5ie6GE8UFOFmIStgxpO*eeDiKjwvbLmDdivlb1DRP02nx6HVXbcOcbEg0McrsJ1B9p7VmOm1LlMijz3kvAKdpC3ZY5ywp6GpmzbU-Ak=",
			"thumbnail": "thumbnail.jpg",
			"cata_one": "2",
			"pub_time": "2013-12-12",
			"id": "tIzOhaxi",
			"tag": null,
			"title": "贴吧涨姿势:全球转发过亿次的生活小常识",
			"src_name": "百度贴吧",
			"authors": "和菜头吧",
			"data_rksj_create": 1568469537000
		}, {
			"data_rksj_update": 1568455263000,
			"summary": "现在这些车没生意不做了,我从镇上要么走回去,要么就得花30块钱包个“蹦蹦车”回家了. 5、 环境污染 衣食住行说完了,谈谈我...",
			"src_url": "http://weixin.sogou.com/api/share?timestamp=1567088154&signature=qIbwY*nI6KU9tBso4VCd8lYSesxOYgLcHX5tlbqlMR-qu0IkVTYmeqBZlKdhwXATTDfbtm1i47qeLX0c1I**CNVSisV68NlManwFJH40bsGddYAqaVczqS-dTjyz4vYodC5a04orcpcjOW*2FVp7eD-DY5eKmSARjJdafvtxZVGbN-4z1cWs1STcay1kL1EMgRIx4nk7ievIDpTm*g2*glCC73GVajuO2Jmh6zPkfc9qEvirauvMdMjPRT1XLbij2JLstAkrw63CTx4GO8oJw-rWQNNIT8-pu8ns8vuWMCn4QT*dAH-MAHa03coZfuEp",
			"thumbnail": "thumbnail.jpg",
			"cata_one": "1",
			"pub_time": "2014-02-18",
			"id": "2ukiRvMD",
			"tag": null,
			"title": "从农村变化看中国经济发展",
			"src_name": "天涯社区",
			"authors": "经济论坛",
			"data_rksj_create": 1568469537000
		}, {
			"data_rksj_update": 1568455263000,
			"summary": "却和我们的生活息息相关.天气预报,大气探测,雷电防护,人工影响天气,大气污染治理……就业方向一般为气象、航空、海洋等部...",
			"src_url": "http://weixin.sogou.com/api/share?timestamp=1567088154&signature=qIbwY*nI6KU9tBso4VCd8lYSesxOYgLcHX5tlbqlMR-qu0IkVTYmeqBZlKdhwXATTDfbtm1i47qeLX0c1I**CPC5KKdJUgsJ4Lax4m9kw3sKn4cAxc4P4klMWoUFDD*hQi1tQB7RRPzamvXDEFnfToHPNip-LOyodTr1j5V5SbtI0MEvOXXqjPAstjkHC0NtqS7vIocoqndJXU50LcRYszUlkfhV43meZ2cXC1oWgiIq4Y7TkvtgOZ4JBGokiY*VhIPlQ*JXX9FrcZpP7DMqEOW5yW8gNZQKDKB3E4*5fpK3OvG9lJyKPudx9pwdT2FT",
			"thumbnail": "thumbnail.jpg",
			"cata_one": "1",
			"pub_time": "2014-02-21",
			"id": "v9xklqtL",
			"tag": null,
			"title": "一句话点评大学25个专业",
			"src_name": "天涯社区",
			"authors": "那个咖啡在奔跑",
			"data_rksj_create": 1568469537000
		}, {
			"data_rksj_update": 1568455263000,
			"summary": "明代第一个“大太监”——黄俨 一 宦官特务头子 广袤的华北平原,被稀疏的林木分割开来,极目望去,千里荒凉.除了偶尔成群结队...",
			"src_url": "http://weixin.sogou.com/api/share?timestamp=1567088941&signature=qIbwY*nI6KU9tBso4VCd8lYSesxOYgLcHX5tlbqlMR-qu0IkVTYmeqBZlKdhwXATTDfbtm1i47qeLX0c1I**CI8V-dzoCrhK5WjLIavbBsgz9BolACPE5*QFyxMUIjxgyhGytLBz9mj0hWRIrTaydgiwO5WCQ5qgctqZW*LzTl97W4k-d8SBsi06Y89MgPGr*EyMf-E9Vd0XSXrUyvZl9mA7lC7Qj9iK2Oao5*TcpYM8GDGlH4bnbMt6-w214gDW97DNHegqD9EzgMIz1LPC4nctz9hqcp*iweHDKu4tLl1G3bJGlBt71nOKc*86Sp*k",
			"thumbnail": "thumbnail.jpg",
			"cata_one": "1",
			"pub_time": "2014-03-13",
			"id": "HR4kj2uh",
			"tag": null,
			"title": "【煮酒论史】太监秘史:明朝那些九千岁",
			"src_name": "天涯社区",
			"authors": "右边蓝色字体",
			"data_rksj_create": 1568469537000
		}, {
			"data_rksj_update": 1568455263000,
			"summary": "当然,学历对三观的影响只是一个方面, 还有其它很多方面,诸如家庭、阅历和生活工作环境等等. 肯定有同学相过跟自己学历差很...",
			"src_url": "http://weixin.sogou.com/api/share?timestamp=1567087825&signature=qIbwY*nI6KU9tBso4VCd8lYSesxOYgLcHX5tlbqlMR-qu0IkVTYmeqBZlKdhwXATTDfbtm1i47qeLX0c1I**CKNIC7hmCbZRkvHxgeSwJhD1ez8UvlzQrMjnOE7-Pn4j3-Yv67FQCDumZhDn-IgahnNO4x4qFFbWKf4jx16Hc2uvH66e0f1ZQqRhA3LU0ejg9bAq3XbiUQ2CbMgPhcxBoDA0lonYBHDQJI-FjLnIK*v0vxP2sOtbg49IgWeVaalJu44AM7q2t6kV1D3Gto1IFtwbWQD16c2AgjS87munan1p*CAViLaYeTFLvci*J3vV",
			"thumbnail": "thumbnail.jpg",
			"cata_one": "1",
			"pub_time": "2014-03-25",
			"id": "1DXSYgxU",
			"tag": null,
			"title": "扒一扒相亲失败的N种原因,你碰到几条?",
			"src_name": "天涯社区",
			"authors": "右边蓝色字体",
			"data_rksj_create": 1568469537000
		}, {
			"data_rksj_update": 1568455263000,
			"summary": "2014年4月1日为王伟烈士牺牲13周年纪念日. 81192,这里是553,我机奉命接替你执行巡航任务,请返航!!! 553,这里是81192...",
			"src_url": "http://weixin.sogou.com/api/share?timestamp=1567089639&signature=qIbwY*nI6KU9tBso4VCd8lYSesxOYgLcHX5tlbqlMR-qu0IkVTYmeqBZlKdhwXATTDfbtm1i47qeLX0c1I**CInbZmoDMXcL8lbSzZyCNzhuRu*-gi39QpLwTo*4pxysBnBdyBhGCIhqglQmmvHbDulDIUVZJp8AWC2UljpzH8VKwI0gZQbRT6Tvhg7VVDnLXeFr0Tz0Q3J*w4j2N276fAxwvagTiv8NzAojjOCZGnY8Vum4orG4BR8UCChj4btX7fteibBdhjfizOVE0bSwHiMmYlZ2UEcJHHNXkZOhdscvZicEsJ9TykKKhSmdJftO",
			"thumbnail": "thumbnail.jpg",
			"cata_one": "5",
			"pub_time": "2014-04-01",
			"id": "HiLJOblq",
			"tag": null,
			"title": "【纪念】81192,这里是552和553,我奉命接替您执行任务,请您返航!",
			"src_name": "天涯社区",
			"authors": "右边蓝色字体",
			"data_rksj_create": 1568469537000
		}, {
			"data_rksj_update": 1568455263000,
			"summary": "无论众所周知的血汗工厂、还是以此为依托的各个沿海内陆工业园区,以及与之配套的服务产业链条,均是围绕体制利益最大化为核心...",
			"src_url": "http://weixin.sogou.com/api/share?timestamp=1567089100&signature=qIbwY*nI6KU9tBso4VCd8lYSesxOYgLcHX5tlbqlMR-qu0IkVTYmeqBZlKdhwXATTDfbtm1i47qeLX0c1I**CNHT4ohIfOsXymdCVksWmjsY9W0ecoEac2YmkKdnIJTpwVNURKWRcO1mwmf87lnJIFufLkc9NYfAtHzL-A-SJh8vbfeq*ZNLNcVA-E9wmQLdXov02LKVLg4MkXo9b8zFwrB8vvz*DIwUSFpiili98VeBdjxwp4pWfxIvUL1zqyi2gLMGWpJkV45v595qAHWoZj*DjtatV1xik4N5zHA4Ui1JTMbfcCu5iP18Y6A-onSz",
			"thumbnail": "thumbnail.jpg",
			"cata_one": "2",
			"pub_time": "2014-05-27",
			"id": "jaHxE38o",
			"tag": "热点",
			"title": "天涯头条:你是否陷入80后部分女性的职业和生活困局?",
			"src_name": "天涯社区",
			"authors": "右边蓝色字体",
			"data_rksj_create": 1568469537000
		}],
		"total": 3569,
		"hasPrevious": false,
		"hasNext": true,
		"pageCount": 357
	}
}
