{
	"msg": "查询成功",
	"code": 1000,
	"data": {
		"pageNo": 1,
		"pageSize": 10,
		"rows": [{
			"data_rksj_update": 1568455263000,
			"summary": "女性的工作往往集中在文职类和服务业等,而对交通运输业、建筑业、采矿业等行业则甚少涉足.但这样的职业性别隔离,并非取决于...",
			"src_url": "http://weixin.sogou.com/api/share?timestamp=1567088682&signature=qIbwY*nI6KU9tBso4VCd8lYSesxOYgLcHX5tlbqlMR-uOq5t6owLz4V40d1kRkT71ALUFzqlp8UNqkhj6*Al-dapgA-qU8opt*kpzKU39MiAEfbxh*R2e2YYd6Ft-be5zIxMCJ2KvlWS5Rg9oAGOSuPVgiFgnYv-BH5GK1tD6GC-BFUzyn4DDUimZeroz0lhG0CYrqBzJfbum-YHSUxL84nsQnwfd-9jlD5btrt3qJeJOW22TuARvborN8KNgEX3B2SKAwEDiRH99LltNHPD*p4S2CMVwZSpFaULtLpNAv5BzBX62fIsTeD-0Nk34uxzWFkUdK55odzg-R6bg6glXZE0Wlsd3stqnD7gwkEWzMo=",
			"thumbnail": "thumbnail.jpg",
			"cata_one": "1",
			"pub_time": "2019-09-15",
			"id": "bfStOFhv",
			"title": "董小姐的一生",
			"src_name": "天涯社区",
			"authors": null,
			"data_rksj_create": 1568469537000
		}, {
			"data_rksj_update": 1568455263000,
			"summary": "现在这些车没生意不做了,我从镇上要么走回去,要么就得花30块钱包个“蹦蹦车”回家了. 5、 环境污染 衣食住行说完了,谈谈我...",
			"src_url": "http://weixin.sogou.com/api/share?timestamp=1567088154&signature=qIbwY*nI6KU9tBso4VCd8lYSesxOYgLcHX5tlbqlMR-qu0IkVTYmeqBZlKdhwXATTDfbtm1i47qeLX0c1I**CNVSisV68NlManwFJH40bsGddYAqaVczqS-dTjyz4vYodC5a04orcpcjOW*2FVp7eD-DY5eKmSARjJdafvtxZVGbN-4z1cWs1STcay1kL1EMgRIx4nk7ievIDpTm*g2*glCC73GVajuO2Jmh6zPkfc9qEvirauvMdMjPRT1XLbij2JLstAkrw63CTx4GO8oJw-rWQNNIT8-pu8ns8vuWMCn4QT*dAH-MAHa03coZfuEp",
			"thumbnail": "thumbnail.jpg",
			"cata_one": "1",
			"pub_time": "2014-02-18",
			"id": "2ukiRvMD",
			"title": "从农村变化看中国经济发展",
			"src_name": "天涯社区",
			"authors": "经济论坛",
			"data_rksj_create": 1568469537000
		}, {
			"data_rksj_update": 1568455263000,
			"summary": "却和我们的生活息息相关.天气预报,大气探测,雷电防护,人工影响天气,大气污染治理……就业方向一般为气象、航空、海洋等部...",
			"src_url": "http://weixin.sogou.com/api/share?timestamp=1567088154&signature=qIbwY*nI6KU9tBso4VCd8lYSesxOYgLcHX5tlbqlMR-qu0IkVTYmeqBZlKdhwXATTDfbtm1i47qeLX0c1I**CPC5KKdJUgsJ4Lax4m9kw3sKn4cAxc4P4klMWoUFDD*hQi1tQB7RRPzamvXDEFnfToHPNip-LOyodTr1j5V5SbtI0MEvOXXqjPAstjkHC0NtqS7vIocoqndJXU50LcRYszUlkfhV43meZ2cXC1oWgiIq4Y7TkvtgOZ4JBGokiY*VhIPlQ*JXX9FrcZpP7DMqEOW5yW8gNZQKDKB3E4*5fpK3OvG9lJyKPudx9pwdT2FT",
			"thumbnail": "thumbnail.jpg",
			"cata_one": "1",
			"pub_time": "2014-02-21",
			"id": "v9xklqtL",
			"title": "一句话点评大学25个专业",
			"src_name": "天涯社区",
			"authors": "那个咖啡在奔跑",
			"data_rksj_create": 1568469537000
		}, {
			"data_rksj_update": 1568455263000,
			"summary": "明代第一个“大太监”——黄俨 一 宦官特务头子 广袤的华北平原,被稀疏的林木分割开来,极目望去,千里荒凉.除了偶尔成群结队...",
			"src_url": "http://weixin.sogou.com/api/share?timestamp=1567088941&signature=qIbwY*nI6KU9tBso4VCd8lYSesxOYgLcHX5tlbqlMR-qu0IkVTYmeqBZlKdhwXATTDfbtm1i47qeLX0c1I**CI8V-dzoCrhK5WjLIavbBsgz9BolACPE5*QFyxMUIjxgyhGytLBz9mj0hWRIrTaydgiwO5WCQ5qgctqZW*LzTl97W4k-d8SBsi06Y89MgPGr*EyMf-E9Vd0XSXrUyvZl9mA7lC7Qj9iK2Oao5*TcpYM8GDGlH4bnbMt6-w214gDW97DNHegqD9EzgMIz1LPC4nctz9hqcp*iweHDKu4tLl1G3bJGlBt71nOKc*86Sp*k",
			"thumbnail": "thumbnail.jpg",
			"cata_one": "1",
			"pub_time": "2014-03-13",
			"id": "HR4kj2uh",
			"title": "【煮酒论史】太监秘史:明朝那些九千岁",
			"src_name": "天涯社区",
			"authors": "右边蓝色字体",
			"data_rksj_create": 1568469537000
		}, {
			"data_rksj_update": 1568455263000,
			"summary": "当然,学历对三观的影响只是一个方面, 还有其它很多方面,诸如家庭、阅历和生活工作环境等等. 肯定有同学相过跟自己学历差很...",
			"src_url": "http://weixin.sogou.com/api/share?timestamp=1567087825&signature=qIbwY*nI6KU9tBso4VCd8lYSesxOYgLcHX5tlbqlMR-qu0IkVTYmeqBZlKdhwXATTDfbtm1i47qeLX0c1I**CKNIC7hmCbZRkvHxgeSwJhD1ez8UvlzQrMjnOE7-Pn4j3-Yv67FQCDumZhDn-IgahnNO4x4qFFbWKf4jx16Hc2uvH66e0f1ZQqRhA3LU0ejg9bAq3XbiUQ2CbMgPhcxBoDA0lonYBHDQJI-FjLnIK*v0vxP2sOtbg49IgWeVaalJu44AM7q2t6kV1D3Gto1IFtwbWQD16c2AgjS87munan1p*CAViLaYeTFLvci*J3vV",
			"thumbnail": "thumbnail.jpg",
			"cata_one": "1",
			"pub_time": "2014-03-25",
			"id": "1DXSYgxU",
			"title": "扒一扒相亲失败的N种原因,你碰到几条?",
			"src_name": "天涯社区",
			"authors": "右边蓝色字体",
			"data_rksj_create": 1568469537000
		}, {
			"data_rksj_update": 1568455263000,
			"summary": "楼主与大家重温距今近400多年的那段波澜壮阔、血雨腥风、天崩地裂的历史,给大家讲述书中320年来一直未被人挖掘出来的天大秘...",
			"src_url": "http://weixin.sogou.com/api/share?timestamp=1567088748&signature=qIbwY*nI6KU9tBso4VCd8lYSesxOYgLcHX5tlbqlMR-qu0IkVTYmeqBZlKdhwXATTDfbtm1i47qeLX0c1I**CA04boAxpKpcu5PrQiGgVWJJIagwpnEzlliMAKSrnGOPfjtolAhiFsSUOAO83ROSvfhpYQUJe8WwfwlA9nN2XKz*DPYw025shKjaeqB5J-rYJ6LdW6NVt-YQihe1cMrAAlUSFXyZGvAK*mN7O-ap5PKg4llFydHUOvGZomyvtzonwGAFaZzvIDyUinJTttqbxL0KMou5EZaUSLZkxkN-FtPcIMBvUHnCCAEC1CiyHL0X",
			"thumbnail": "thumbnail.jpg",
			"cata_one": "1",
			"pub_time": "2014-06-02",
			"id": "RzGYCPau",
			"title": "天涯头条 揭秘《红楼梦》一直未被人挖掘出来的天大秘密!",
			"src_name": "天涯社区",
			"authors": "右边蓝色字体",
			"data_rksj_create": 1568469537000
		}, {
			"data_rksj_update": 1568455263000,
			"summary": "这下可算废物利用上了,这么古老的破电话,小F去了好几个地方... 危险啊. 小A和小F在海边彻夜未归这件事,在我们这个50几人的...",
			"src_url": "http://weixin.sogou.com/api/share?timestamp=1567087973&signature=qIbwY*nI6KU9tBso4VCd8lYSesxOYgLcHX5tlbqlMR-qu0IkVTYmeqBZlKdhwXATTDfbtm1i47qeLX0c1I**CCjJkMaXwo0Hq8wo26sCoR9I2qCZ54JQX4f6acFSLR*qwrbabbDK1PiEV4HUFJnZqZRuvbF-3FZZhcOyj1fiHic7otkISGxXB9a97XZCDq-JpWWYiEdCmXbmp0jB1OBPAJg4TWDjZ6mX0ifkSwWRZToJO8GxC3WEzcftSttDYVar0kJ3nJiB2b2WS*ZXTyo*zvkasWT3n-UmAsHTb61ch9Vxn0XGPAK*H-Giu6h*hgSi",
			"thumbnail": "thumbnail.jpg",
			"cata_one": "1",
			"pub_time": "2014-06-10",
			"id": "WsTxjMs2",
			"title": "厕所读物 扒一个身边性格像小绵羊实际极品腹黑的人",
			"src_name": "天涯社区",
			"authors": "右边蓝色字体",
			"data_rksj_create": 1568469537000
		}, {
			"data_rksj_update": 1568455263000,
			"summary": "临床医学、经济学、公关、园林工程技术、数学与应用数学、心理学、电子类、小语种、图书馆学、环境工程P7——石油工程、采矿...",
			"src_url": "http://weixin.sogou.com/api/share?timestamp=1567088682&signature=qIbwY*nI6KU9tBso4VCd8lYSesxOYgLcHX5tlbqlMR-qu0IkVTYmeqBZlKdhwXATTDfbtm1i47qeLX0c1I**CLCsXDVSCvSY4nQtPF4BCHY*uHEpM6cOqO1osH98B7WWBprx4U1IPBgV0SGuvFcd4QixOMv7uAlt1jr72zJD*eMwGX7T1FvwFhf4LesxatJz8Jwlu7YfhTtRDXn46DPgWlkKbG56hsD5EjdG4L4t9MVD0N6Ll1gFcH9iuSBFZJNk-IOjeEJbKrikwfOaRY3hoANwmH68wucWdXVqnQHyOjePOQqIt1OedqzNC1I21mmJ",
			"thumbnail": "thumbnail.jpg",
			"cata_one": "1",
			"pub_time": "2014-06-16",
			"id": "u9x4CJrK",
			"title": "每日干货 过来人给即将填志愿的孩纸们一点启发和指引",
			"src_name": "天涯社区",
			"authors": "右边蓝色字体",
			"data_rksj_create": 1568469537000
		}, {
			"data_rksj_update": 1568455263000,
			"summary": "变成烟尘进入了大气层,另外有70吨溅到了周围,因为这些喷溅,... 避免反应堆堆芯熔融物不断下降污染地下水.苏联政府临时委员会...",
			"src_url": "http://weixin.sogou.com/api/share?timestamp=1567088216&signature=qIbwY*nI6KU9tBso4VCd8lYSesxOYgLcHX5tlbqlMR-qu0IkVTYmeqBZlKdhwXATTDfbtm1i47qeLX0c1I**CBrOjonohJxTrZzrpXZ9WA0SZljmBkzrj7GbGwkZ1pFC9z9uaLuE*Dcn-XxKLrCM62EAvmFIEE72FKbWOhDOF55pJnOCCdyeiiUYqGL17trraTDuTuHjbh9wdRE1V5*L11OGUA3vxbd-DVKqWWXasoghtSV46vWKKsOtdstNzPhfArhgzOt*Z3WlQswQTfQuwtSskm6-0AZi9HQmsYlv3SzlGmF9*zpKL-BYdldNCYTP",
			"thumbnail": "thumbnail.jpg",
			"cata_one": "1",
			"pub_time": "2014-06-27",
			"id": "6MQ8xRgG",
			"title": "厕所读物 开扒人类史上最接近毁灭性的事件",
			"src_name": "天涯社区",
			"authors": null,
			"data_rksj_create": 1568469537000
		}, {
			"data_rksj_update": 1568455263000,
			"summary": "此微信号为 CCTV证券资讯频道《投资大参考》官方微信公众号,内容汇集专家独特市场研判,精选财经新闻解析,深度挖掘投资机会...",
			"src_url": "http://weixin.sogou.com/api/share?timestamp=1567088797&signature=qIbwY*nI6KU9tBso4VCd8lYSesxOYgLcHX5tlbqlMR-qu0IkVTYmeqBZlKdhwXATTDfbtm1i47qeLX0c1I**CFtctKgRsYlNLYEdal2jxPuVNozf3VHjhz1qT2C1F5N9FpXr3nMv6ATyw9d0wbk-c5fnuQO6qzoQKFscH0kglwWhPnukYfRpc*jwoGYvD*HnPk2ntbW*LK6qPSaEbdoM5Wm00GXBnWhTgi29SoU5XUwaMotUW8fctks73jCjMk495HEEOVW8g49q*tBe4yXwwNVYOaTMPUTN5Ow33VTh3jTxbGW-jCPVWzFdP7LT1FJu",
			"thumbnail": "thumbnail.jpg",
			"cata_one": "1",
			"pub_time": "2014-07-11",
			"id": "vieqX2zt",
			"title": "周末福利 一位圈内大大曝出自己关注的微信公众号",
			"src_name": "天涯社区",
			"authors": null,
			"data_rksj_create": 1568469537000
		}],
		"total": 2180,
		"hasPrevious": false,
		"hasNext": true,
		"pageCount": 218
	}
}
