{
    "msg": "查询成功",
    "code": 1000,
    "data": [
        {
            "src_name": "新余水利"
        },
        {
            "src_name": "指尖新余"
        },
        {
            "src_name": "大江网"
        },
        {
            "src_name": "天涯社区"
        },
        {
            "src_name": "今日头条"
        },
        {
            "src_name": "新余发布"
        },
        {
            "src_name": "掌中新余"
        },
        {
            "src_name": "百度贴吧"
        },
        {
            "src_name": "新余焦点"
        },
        {
            "src_name": "新余人在线"
        },
        {
            "src_name": "新余交警"
        },
        {
            "src_name": "新余圈"
        },
        {
            "src_name": "新余水务"
        },
        {
            "src_name": "大话新余"
        }
    ]
}