{
    "xinyu/user/login": {
        "msg":"登录成功！",
        "code":1000
    },
    "xinyu/user/changpassword": {
        "msg":"修改成功",
        "code":1000
    },
    "xinyu/statistical/msgTotal": {
        "code": "1000",
        "msg": "查询成功",
        "data": [{
            "name": "今日头条",
            "count": 303
        }, {
            "name": "大江网",
            "count": 1046
        }, {
            "name": "天涯社区",
            "count": 643
        }, {
            "name": "新余发布",
            "count": 861
        }, {
            "name": "百度贴吧",
            "count": 60
        }, {
            "name": "有效消息数",
            "count": 89
        }]
    }
    ,
    "xinyu/statistical/organ":{
        "code": "1000",
        "data": [{
            "cata_one": "1",
            "name": "生态环境和资源保护",
            "count": 2180
        }, {
            "cata_one": "2",
            "name": "食品药品安全",
            "count": 823
        }, {
            "cata_one": "3",
            "name": "国有财产保护领域",
            "count": 308
        }, {
            "cata_one": "4",
            "name": "国有土地使用权出让领域",
            "count": 52
        }, {
            "cata_one": "5",
            "name": "英烈权益保护",
            "count": 206
        }]
    },
    "xinyu/statistical/organ2":"[../data/organ2.json]",
    "xinyu/summary/latestData": "[../data/latestData.json]",
    "xinyu/summary/organList": "[../data/latestData.json]",
    "xinyu/summary/typeList": "[../data/typeList.json]",
    "xinyu/summary/updatetag":{
        "msg":"操作成功",
        "code":1000
    },
    "xinyu/summary/detail":"[../data/detail.json]"

}